1407799439.026057,4.440892098500626e-16,4.2146848510894035e-08
1407799439.026744,0.011661632643607867,0.0005445402513000391
1407799439.02712,0.02187722387075519,0.00502851625294863
1407799439.033693,0.03367716469555759,0.009211594762470283,1.2530433803187815,1.2530433803187815,1.210328447398289,1.210328447398289
1407799439.034078,0.028337131880068256,0.012585962689056075,0.077373669674338,0.077373669674338,1.1788112763668266,1.1788112763668266
1407799439.034925,0.028107510202864283,0.01225159459807008,0.7512562365750377,0.7512562365750377,0.5941099465129251,0.5941099465129251
1407799439.041597,0.02975164498725258,0.01149873125827752,1.402407419166359,1.402407419166359,1.3489773206721873,1.3489773206721873
1407799439.042415,0.03320681107655199,0.011564938310573012,1.3418178031607146,1.3418178031607146,0.6076171392670694,0.6076171392670694
1407799439.0431,0.04082141444479115,0.00954896972061616,1.3468155165167235,1.3468155165167235,1.4136226865752302,1.4136226865752302
1407799439.049724,0.04086165692026267,0.007195199353055306,0.7126900737404125,0.7126900737404125,1.2550550026464717,1.2550550026464717
1407799439.050624,0.03473151470014191,0.003344695297224105,1.4141905575106681,1.4141905575106681,1.3105805403443995,1.3105805403443995
1407799439.051673,0.027166464486346964,0.002625758425666689,1.2652061822528595,1.2652061822528595,0.8786785264740986,0.8786785264740986
1407799439.057596,0.024610504250138998,0.004340331848085869,0.9833381531957757,0.9833381531957757,1.2850624726365047,1.2850624726365047
1407799439.058401,0.02092641126224093,0.006844093196399601,1.2915351534828172,1.2915351534828172,1.293597786026796,1.293597786026796
1407799439.059091,0.020414143891021475,0.009991828120941402,0.8396971997908389,0.8396971997908389,1.2685216007610265,1.2685216007610265
1407799439.065673,0.017908561840321635,0.009253232560105431,1.3963126806719812,1.3963126806719812,0.4143126252245493,0.4143126252245493
1407799439.069911,0.01953132757896192,0.009704707260064106,0.2376977278976593,0.2376977278976593,0.18020743013831372,0.18020743013831372
1407799439.073929,0.019533127164587327,0.007290236153360257,0.7082820349527049,0.7082820349527049,1.3921750581955874,1.3921750581955874
1407799439.075652,0.021193362193828946,0.004809719214351793,1.414212939956934,1.414212939956934,1.2302158526745215,1.2302158526745215
1407799439.081696,0.027138711357144185,0.003933172494547211,1.3834076953439303,1.3834076953439303,0.9926142670361121,0.9926142670361121
1407799439.082643,0.02826419827753135,0.004665779219602671,0.880711140909531,0.880711140909531,0.511253314782074,0.511253314782074
1407799439.089513,0.029145215003965053,0.006944475672932733,1.1721079926827962,1.1721079926827962,1.3752038778720406,1.3752038778720406
1407799439.09028,0.029594336714548586,0.009342175037226083,1.0734869254423818,1.0734869254423818,1.2350005122597796,1.2350005122597796
1407799439.098555,0.03572835527946294,0.012119180212551007,1.4115751814448096,1.4115751814448096,1.253547442167137,1.253547442167137
1407799439.099746,0.03524467749936555,0.012528152615868687,0.6184783367442919,0.6184783367442919,0.8466450635477761,0.8466450635477761
1407799439.106013,0.033450164044370734,0.00961242037166277,1.385211361806636,1.385211361806636,1.4022989222744782,1.4022989222744782
1407799439.108828,0.030750209221011016,0.0074585543413524715,1.2982373186897913,1.2982373186897913,1.1590382208314605,1.1590382208314605
1407799439.113612,0.023265239167513663,0.003696518155730067,1.3671442212479492,1.3671442212479492,1.3195694926290997,1.3195694926290997
1407799439.114504,0.025777764886522725,0.004317410966231269,0.26363587729703203,0.26363587729703203,0.5101553942931673,0.5101553942931673
1407799439.121532,0.021871410803010694,0.004564196477619787,1.0929920094686656,1.0929920094686656,1.0176684060705965,1.0176684060705965
1407799439.122464,0.02183213145124485,0.005885570175894392,0.7176916883479506,0.7176916883479506,1.3989894118166502,1.3989894118166502
1407799439.130479,0.02066042345435859,0.00775347036381417,1.4136374165882442,1.4136374165882442,1.2884134190995427,1.2884134190995427
1407799439.131574,0.02134442516750168,0.0076508897697358065,0.1361517155549068,0.1361517155549068,0.6464407505669519,0.6464407505669519
1407799439.137704,0.02598490223541905,0.007259294443396185,1.404323580622097,1.404323580622097,1.3865935623781045,1.3865935623781045
1407799439.1387,0.02855432541714098,0.007896290266336443,1.0925518769038958,1.0925518769038958,1.12124865322619,1.12124865322619
1407799439.147083,0.036279748591800054,0.008737530664750753,1.372963610802583,1.372963610802583,1.27709470425885,1.27709470425885
1407799439.148685,0.036926978000058064,0.008354932422341891,0.790480923208444,0.790480923208444,0.07370688522752926,0.07370688522752926
1407799439.15375,0.033498056397612164,0.00869265883269651,1.3917231952765308,1.3917231952765308,0.5716436708716617,0.5716436708716617
1407799439.155066,0.03116699455635663,0.009355546500359024,1.1400502492687288,1.1400502492687288,1.334132252226556,1.334132252226556
1407799439.16794,0.029985979471169433,0.009872873703042087,1.072071069941719,1.072071069941719,1.1714279730837083,1.1714279730837083
1407799439.169599,0.0320788200081763,0.008240631461130276,1.169015359528744,1.169015359528744,1.344502595222962,1.344502595222962
1407799439.177839,0.02979938682873806,0.007439687132489499,0.7954667913053679,0.7954667913053679,1.064750770974812,1.064750770974812
1407799439.17874,0.025696292961903566,0.006889167439980157,1.3235048545398138,1.3235048545398138,1.1425770443706151,1.1425770443706151
1407799439.185788,0.025042678778409933,0.0058027269109249425,0.8566379445923819,0.8566379445923819,1.3347656560500611,1.3347656560500611
1407799439.186536,0.02232190111972665,0.005400271326630499,1.3904334010061479,1.3904334010061479,1.002536177116823,1.002536177116823
1407799439.187103,0.020065089405922,0.006088217072972823,1.184976988841394,1.184976988841394,1.149807624483834,1.149807624483834
1407799439.193784,0.022537929598957618,0.006454303168605142,0.801494568936829,0.801494568936829,1.0833742758409173,1.0833742758409173
1407799439.194584,0.022543756041132124,0.006658780936500113,0.7096014667909523,0.7096014667909523,1.0945722310456998,1.0945722310456998
1407799439.195136,0.022967469726781875,0.007515080462009173,1.4141146590136628,1.4141146590136628,1.3906808045956585,1.3906808045956585
1407799439.201981,0.02550706427192706,0.007429924106305118,1.4018021578230093,1.4018021578230093,0.5936749743410433,0.5936749743410433
1407799439.202782,0.02827738240240585,0.006555954885746559,1.2420930751033366,1.2420930751033366,1.409657727287744,1.409657727287744
1407799439.209791,0.03282736837002087,0.006865659902369529,1.3111429944832504,1.3111429944832504,0.23452628568252748,0.23452628568252748
1407799439.211086,0.032796828681517454,0.008308569577933501,0.6999517100473353,0.6999517100473353,1.3946991139834797,1.3946991139834797
1407799439.217704,0.034840813741576326,0.008705555572394153,1.4140933973869079,1.4140933973869079,0.943168697891,0.943168697891
1407799439.21846,0.03598101892625394,0.009239095032868464,1.0942749341724889,1.0942749341724889,1.2800685990444904,1.2800685990444904
1407799439.225708,0.03570309941338223,0.010317911236266844,0.40126448783917845,0.40126448783917845,1.3375513941665365,1.3375513941665365
1407799439.226449,0.03390706519340192,0.009216774379823763,1.4033986994506509,1.4033986994506509,0.7287125044524768,0.7287125044524768
1407799439.234065,0.03165537176873601,0.007166229007022002,1.2680267097592133,1.2680267097592133,1.3277929408219136,1.3277929408219136
1407799439.235294,0.02864904787759892,0.008268824324404938,1.2789535196273698,1.2789535196273698,0.0615191474165845,0.0615191474165845
1407799439.2417,0.02545709515951744,0.007363586493054436,1.236786410959178,1.236786410959178,0.49152171695989044,0.49152171695989044
1407799439.242431,0.02411822753477777,0.00592401895493587,1.0294615390803208,1.0294615390803208,1.3065166583714691,1.3065166583714691
1407799439.249712,0.02186752108378709,0.0059275729980944655,1.3143891540299768,1.3143891540299768,0.7044833441446267,0.7044833441446267
1407799439.250444,0.02277365653897645,0.00666278979436987,0.15805630333718151,0.15805630333718151,1.4142012296695912,1.4142012296695912
1407799439.257703,0.02507710528724605,0.007302430445591619,1.3601697372627946,1.3601697372627946,1.1954021859676338,1.1954021859676338
1407799439.258476,0.02482304918435352,0.008055875445322833,0.5803368201032288,0.5803368201032288,1.2566985930581498,1.2566985930581498
1407799439.265968,0.0218208945248608,0.00889347862951104,1.4107306942377749,1.4107306942377749,1.2457583110941985,1.2457583110941985
1407799439.266978,0.024572896175115044,0.006969833108746103,0.6131499052604815,0.6131499052604815,1.2739336317356071,1.2739336317356071
1407799439.27427,0.023172670352727298,0.008757936327872626,0.014373978107681139,0.014373978107681139,0.6283866385782033,0.6283866385782033
1407799439.275209,0.02775443864497351,0.007849384402514434,1.3498767578235675,1.3498767578235675,0.013241896916329059,0.013241896916329059
1407799439.281696,0.025450432255423205,0.00819419904647079,0.004676887882497908,0.004676887882497908,0.19486456381439046,0.19486456381439046
1407799439.28244,0.02527840571842921,0.00590869734652807,0.7819323249387305,0.7819323249387305,1.4003001461444258,1.4003001461444258
1407799439.289699,0.026823310431034475,0.007654006631808927,1.4068969394325048,1.4068969394325048,0.4118660568423783,0.4118660568423783
1407799439.29046,0.029147988188835683,0.007348393330566757,1.2982554162237125,1.2982554162237125,0.49674441721001955,0.49674441721001955
1407799439.297904,0.02341769459728793,0.00842389931958772,1.2941029353268454,1.2941029353268454,1.3593945390152093,1.3593945390152093
1407799439.298886,0.02501408918728787,0.008366548997792322,0.3502960938264761,0.3502960938264761,0.6482695980168842,0.6482695980168842
1407799439.305677,0.021543380494415842,0.009437804663870248,1.2560939942725815,1.2560939942725815,1.4126115703250592,1.4126115703250592
1407799439.306385,0.02205120050513143,0.008492741387874281,0.5346917998638768,0.5346917998638768,0.5709977674731713,0.5709977674731713
1407799439.313697,0.023896103576489747,0.007031808719040179,1.3841530097887764,1.3841530097887764,1.3023368696320894,1.3023368696320894
1407799439.3145,0.022750198611424022,0.006357394367035562,0.19588062120698,0.19588062120698,1.0508745224471379,1.0508745224471379
1407799439.322079,0.023003835857460242,0.006254449283644076,0.4331742675385592,0.4331742675385592,0.8511338305242901,0.8511338305242901
1407799439.323302,0.0244344499012783,0.0052864882503098135,1.4003545270406939,1.4003545270406939,1.4088363503934886,1.4088363503934886
1407799439.329833,0.020712192152393172,0.005728175646753194,1.307571032753265,1.307571032753265,0.07125973222918518,0.07125973222918518
1407799439.330691,0.02737318297838609,0.005824341476245638,1.174018816037736,1.174018816037736,0.9024126658592334,0.9024126658592334
1407799439.337671,0.026675855457054976,0.00824649232287093,0.5872534568440422,0.5872534568440422,1.4134105140386855,1.4134105140386855
1407799439.338356,0.025443350494472217,0.009818646322940147,1.3211329671867944,1.3211329671867944,1.1293767362258023,1.1293767362258023
1407799439.345684,0.026825539349055738,0.008331832849455,0.8245031942285579,0.8245031942285579,0.6471700570067592,0.6471700570067592
1407799439.346419,0.026448731734753483,0.005713456888927068,0.3591426292386063,0.3591426292386063,1.3206562205447387,1.3206562205447387
1407799439.354053,0.027793717996739353,0.006601949705581737,1.3610757427825113,1.3610757427825113,0.2579713309458236,0.2579713309458236
1407799439.355092,0.030578602232654184,0.0061918725356274375,1.340199659958127,1.340199659958127,0.06273905261398421,0.06273905261398421
1407799439.361799,0.03055182560158798,0.006151004179006614,0.6968348891752709,0.6968348891752709,0.8050789579886007,0.8050789579886007
1407799439.362647,0.03123485012481364,0.005881015021240271,1.4133663546955118,1.4133663546955118,1.4038274564688629,1.4038274564688629
1407799439.369704,0.024098935248197506,0.007828532423233702,1.4088844351414467,1.4088844351414467,1.4025912527357607,1.4025912527357607
1407799439.37046,0.021778412655828916,0.0072582947163962715,0.9755695786888662,0.9755695786888662,0.3290653284611735,0.3290653284611735
1407799439.377799,0.02575943572364814,0.005325145180919302,1.1517959948692156,1.1517959948692156,1.380419355702178,1.380419355702178
1407799439.378515,0.024294825195170233,0.009930114235803584,0.21325488882881125,0.21325488882881125,1.284733119776524,1.284733119776524
1407799439.385715,0.03260676586849964,0.00806720023287817,1.3948186550279895,1.3948186550279895,0.15494015157091684,0.15494015157091684
1407799439.386476,0.03339140154038356,0.007246137120456599,0.8002838722567386,0.8002838722567386,1.0404640954346498,1.0404640954346498
1407799439.393749,0.028533654048889634,0.007266339285758442,1.398118516081505,1.398118516081505,0.680525945333764,0.680525945333764
1407799439.394512,0.028074131873841335,0.0067916801696381954,0.8004642516730595,0.8004642516730595,1.4132117175060082,1.4132117175060082
1407799439.401694,0.03309265850040655,0.007364098951950512,1.4093554257634089,1.4093554257634089,0.8935541950166085,0.8935541950166085
1407799439.402417,0.029186709899321706,0.006996074988916975,0.43267854067847583,0.43267854067847583,0.23028500139223063,0.23028500139223063
1407799439.409694,0.02844358249722534,0.0085710918045578,0.8814534881769536,0.8814534881769536,1.3784912808371355,1.3784912808371355
1407799439.410405,0.026191496964563576,0.006495866897843842,1.373495840809944,1.373495840809944,0.9708290514299768,0.9708290514299768
1407799439.417722,0.025220126275153465,0.00851815300772039,1.03564544627822,1.03564544627822,0.6795297444454085,0.6795297444454085
1407799439.418875,0.025894704021968806,0.008925872708665404,0.30983643899982566,0.30983643899982566,0.8902384186682162,0.8902384186682162
1407799439.425705,0.02869694023084035,0.007210896018335804,1.3903475846783155,1.3903475846783155,1.3771182059740712,1.3771182059740712
1407799439.426446,0.02499952308185094,0.008010065273251614,0.9719970382746016,0.9719970382746016,0.05548841674640822,0.05548841674640822
1407799439.433651,0.028918087690992245,0.00734355528972529,0.7677337970341388,0.7677337970341388,0.5088897578205456,0.5088897578205456
1407799439.434319,0.024827217724217032,0.006108564485598833,0.7522203089412931,0.7522203089412931,1.3271712818283075,1.3271712818283075
1407799439.441665,0.026021826007377236,0.005221261460477547,0.33024300470352597,0.33024300470352597,1.1527181825093873,1.1527181825093873
1407799439.442382,0.02412016425772867,0.007243291805431909,1.1080038434753479,1.1080038434753479,1.2715307217006677,1.2715307217006677
1407799439.449997,0.026689029106389928,0.006502263094975791,0.9911238991687285,0.9911238991687285,0.21549503791820834,0.21549503791820834
1407799439.45112,0.02963430036938064,0.0074051159082773625,1.2516410792424864,1.2516410792424864,0.902899801409888,0.902899801409888
1407799439.457693,0.030323583006055532,0.008264763376752906,0.9143998183575504,0.9143998183575504,1.2146155671056245,1.2146155671056245
1407799439.458397,0.029425628881067478,0.006923782561024634,0.9613836227585834,0.9613836227585834,1.0951389214992029,1.0951389214992029
1407799439.465662,0.03054572033877312,0.006370178096945922,0.9239689679399302,0.9239689679399302,1.0259594813714201,1.0259594813714201
1407799439.46635,0.030085919343085354,0.0063602560705212485,0.14537365034744448,0.14537365034744448,0.725861836514309,0.725861836514309
1407799439.473689,0.02889657986082117,0.008288677357938598,1.3616342746659398,1.3616342746659398,1.4141994508438167,1.4141994508438167
1407799439.474652,0.028241308466797843,0.007048020720683614,1.091402109014382,1.091402109014382,0.23095262503757819,0.23095262503757819
1407799439.481902,0.02571947206881653,0.007276562134639658,1.3869758769269693,1.3869758769269693,0.48447854340277674,0.48447854340277674
1407799439.482834,0.02440669677207552,0.006785643129236076,1.078302301062301,1.078302301062301,1.2518922379777726,1.2518922379777726
1407799439.489678,0.024368115097806342,0.006611555534045291,0.7375955100620435,0.7375955100620435,0.9933470939695221,0.9933470939695221
1407799439.490378,0.023700326916872072,0.005282102236169656,1.4125442962801489,1.4125442962801489,1.4062706514523546,1.4062706514523546
1407799439.497685,0.026668078917498672,0.0065278608169769565,1.3813077859931548,1.3813077859931548,0.6371548955343479,0.6371548955343479
1407799439.498435,0.02623396835805636,0.004992965470438562,0.5347436949988076,0.5347436949988076,0.9129959715250967,0.9129959715250967
1407799439.506085,0.027327532917596375,0.0071833171054264565,1.2997041323022358,1.2997041323022358,1.0334281214858432,1.0334281214858432
1407799439.507299,0.030076329843473193,0.007616809249826026,1.359203707977406,1.359203707977406,0.8873924976744437,0.8873924976744437
1407799439.513812,0.028694305830392786,0.006770303753332371,0.004530129975133055,0.004530129975133055,1.2147499803506525,1.2147499803506525
1407799439.514668,0.030734527833014447,0.008566592022580144,1.0579419436459883,1.0579419436459883,1.2475299066812633,1.2475299066812633
1407799439.521684,0.03032136746246472,0.006906393791634052,0.45945073457198443,0.45945073457198443,0.6221404192184256,0.6221404192184256
1407799439.522388,0.02783242633279448,0.006707678020592984,1.4019164092000782,1.4019164092000782,0.8229658386958891,0.8229658386958891
1407799439.529707,0.027390954499980857,0.005691468314920154,0.8712838298226432,0.8712838298226432,1.3976805856096082,1.3976805856096082
1407799439.530452,0.027811754964543134,0.006344697454505328,0.6556870844649492,0.6556870844649492,0.2300992297023407,0.2300992297023407
1407799439.538046,0.03079336491757001,0.005213326869949609,1.4050861055779817,1.4050861055779817,1.1569565651115121,1.1569565651115121
1407799439.539004,0.028066076513645122,0.005523870846531737,0.6107901127888622,0.6107901127888622,0.35638004917069566,0.35638004917069566
1407799439.545841,0.02868208193033306,0.0075566378861981545,0.42678548760995666,0.42678548760995666,1.4036503691238769,1.4036503691238769
1407799439.546766,0.02417485955128118,0.004952995626553753,1.4029374440746791,1.4029374440746791,0.9470058469757785,0.9470058469757785
1407799439.553662,0.02452402732373704,0.009424366494414669,0.6201195819343842,0.6201195819343842,1.1523631690822065,1.1523631690822065
1407799439.554326,0.025728909409575174,0.006423116112348961,1.3814134219605905,1.3814134219605905,0.274283677309686,0.274283677309686
1407799439.566246,0.02600058362341562,0.006115476370570534,0.9081543901300112,0.9081543901300112,0.8076535777582764,0.8076535777582764
1407799439.567765,0.02387514001316804,0.007603176267198595,1.4044280661059863,1.4044280661059863,1.3868208595434786,1.3868208595434786
1407799439.571855,0.02918435431951405,0.006068052648970792,1.297559247492664,1.297559247492664,0.7401140274045891,0.7401140274045891
1407799439.573273,0.027602804655590063,0.006260453270030219,0.32141107890399867,0.32141107890399867,0.5615320220696253,0.5615320220696253
1407799439.577691,0.029431328661456035,0.007177311001946373,0.8540497741415514,0.8540497741415514,1.3954642030956845,1.3954642030956845
1407799439.578454,0.027124409050819143,0.007277618679496914,0.93394202435697,0.93394202435697,0.8138513493730064,0.8138513493730064
1407799439.585641,0.032878160569919324,0.0066735640805338945,1.2971674542742184,1.2971674542742184,1.3971359100807204,1.3971359100807204
1407799439.586298,0.029631665968933074,0.006893248283926245,0.1046154504888228,0.1046154504888228,0.2198977446698569,0.2198977446698569
1407799439.595757,0.027356817287323754,0.007844045379027173,1.1469963296214156,1.1469963296214156,1.391996847107127,1.391996847107127
1407799439.596458,0.02737900942056104,0.006062964880986808,0.6966837569050262,0.6966837569050262,1.1962090435470454,1.1962090435470454
1407799439.601971,0.027316285515673222,0.006577617017288901,1.3253597430399544,1.3253597430399544,0.334836012663574,0.334836012663574
1407799439.602834,0.025959367548698875,0.005787964794947934,1.413132227948584,1.413132227948584,1.0843255962420746,1.0843255962420746
1407799439.609824,0.02640376597702998,0.006515630608644675,0.2762553867971838,0.2762553867971838,0.6188978821354482,0.6188978821354482
1407799439.610614,0.027790233759941607,0.007669244262953897,1.375399616176361,1.375399616176361,1.3060663605679323,1.3060663605679323
1407799439.617645,0.027835897195161774,0.005947825429477992,0.7411820313397355,0.7411820313397355,1.0654459015691506,1.0654459015691506
1407799439.618311,0.025048505220584882,0.00590354014266818,1.4140688969770274,1.4140688969770274,0.733869317158878,0.733869317158878
1407799439.625691,0.029625839526758124,0.0067178666504622755,1.1268997802094745,1.1268997802094745,1.4125591240350022,1.4125591240350022
1407799439.626387,0.02824741372961226,0.0068294229321941465,0.3164977144584319,0.3164977144584319,0.8379447901789807,0.8379447901789807
1407799439.63373,0.030300125078503104,0.00783256153661177,1.0640370412911597,1.0640370412911597,1.408364183895235,1.408364183895235
1407799439.634496,0.028276698099339637,0.00741204051507633,0.6918129318525382,0.6918129318525382,0.1313667389794495,0.1313667389794495
1407799439.641696,0.028908511565810535,0.008230635397405532,0.2996351157440969,0.2996351157440969,1.2133980022721922,1.2133980022721922
1407799439.642443,0.02828057444413279,0.006245767295329687,0.7005693733666066,0.7005693733666066,1.2896771326064753,1.2896771326064753
1407799439.649689,0.027820494627805115,0.006659104944736591,1.157179638720794,1.157179638720794,0.4515017336589926,0.4515017336589926
1407799439.651342,0.028718726881651335,0.005893905860911299,1.214658199334331,1.214658199334331,1.1906659605791652,1.1906659605791652
1407799439.665713,0.025307690088156587,0.006419697999064454,1.367827161715581,1.367827161715581,0.2986904190482082,0.2986904190482082
1407799439.66726,0.028220750385901994,0.00731099498383899,0.5351143209703625,0.5351143209703625,1.3155366560914175,1.3155366560914175
1407799439.673774,0.026165125815923673,0.006436139451359013,0.32675126130672055,0.32675126130672055,0.6872696700629556,0.6872696700629556
1407799439.675531,0.026846768358586903,0.007736163693860187,0.2699419199495648,0.2699419199495648,1.0625471128477757,1.0625471128477757
1407799439.677067,0.026620465384896708,0.007100684663485961,0.2693274133916145,0.2693274133916145,0.018253860375207976,0.018253860375207976
1407799439.681767,0.028244208313454422,0.007491428217907108,1.4024593938613663,1.4024593938613663,0.18596970272014068,0.18596970272014068
1407799439.684388,0.026847452661653115,0.007053763929772563,0.543110408903216,0.543110408903216,0.8233053110618799,0.8233053110618799
1407799439.68509,0.02824741372961226,0.0068294229321941465,0.709536703522368,0.709536703522368,1.0747500911592942,1.0747500911592942
1407799439.689822,0.026242415826248422,0.006175160856340687,1.0360889346170028,1.0360889346170028,1.370854721435993,1.370854721435993
1407799439.691876,0.027101508764546534,0.006172756489907206,0.11640233217199347,0.11640233217199347,0.7109938950313303,0.7109938950313303
1407799439.697862,0.026424310683495378,0.006573310041390201,0.44665005396492374,0.44665005396492374,1.414194339054219,1.414194339054219
1407799439.699257,0.027103445487497435,0.007758907313773881,0.7101336664539385,0.7101336664539385,1.3718905566290291,1.3718905566290291
1407799439.705712,0.02663781804963472,0.007550950241713808,0.2963825462546281,0.2963825462546281,0.4963459232620772,0.4963459232620772
1407799439.707881,0.02710665090365527,0.0070551595861202245,0.7143707950454953,0.7143707950454953,1.3544681056756918,1.3544681056756918
1407799439.713715,0.026874521487789238,0.0062270855785567705,0.00796576921325441,0.00796576921325441,1.313493439591041,1.313493439591041
1407799439.714626,0.028032636978484682,0.006471032686486237,1.3886095253850694,1.3886095253850694,0.32636940322404934,0.32636940322404934
1407799439.722339,0.024159164788854604,0.006484508979277995,1.3529057608303527,1.3529057608303527,0.7632988101925663,0.7632988101925663
1407799439.724209,0.026889239752079686,0.006235221371728841,0.3254803796574446,0.3254803796574446,1.4125792571034266,1.4125792571034266
1407799439.7298,0.025559111790601552,0.005091021948006753,0.020878838634322456,0.020878838634322456,1.394176917773213,1.394176917773213
1407799439.730924,0.02708596616097303,0.007232968762928887,0.8471729408246501,0.8471729408246501,1.1959001517718673,1.1959001517718673
1407799439.737623,0.02411155125625264,0.007043911982524446,1.213717777086063,1.213717777086063,0.6072278912087044,0.6072278912087044
1407799439.738101,0.028681245468413774,0.008714324895265697,1.0851848101182786,1.0851848101182786,1.4066420379444495,1.4066420379444495
1407799439.75367,0.025537311765360116,0.006864299512529571,0.3000096323307663,0.3000096323307663,0.8121713741386397,0.8121713741386397
1407799439.75499,0.027327811738236285,0.006809941673704373,0.11314460772317668,0.11314460772317668,0.7375882229049706,0.7375882229049706
1407799439.756167,0.02709179260314798,0.007383831901230915,0.5533113783435535,0.5533113783435535,1.4089998424857337,1.4089998424857337
1407799439.761644,0.02574917529540066,0.007026035269183478,1.4005664707744163,1.4005664707744163,0.19958869724831793,0.19958869724831793
1407799439.762509,0.02874162716792439,0.007167584512073353,1.2644380686111603,1.2644380686111603,0.16923718157605563,0.16923718157605563
1407799439.763206,0.028225334883730913,0.008913931270718786,0.5001892983910166,0.5001892983910166,1.4110064497410928,1.4110064497410928
1407799439.769542,0.025274250552996147,0.007325213920494141,1.4006844695221445,1.4006844695221445,0.6048208088673971,0.6048208088673971
1407799439.770305,0.028004326208002528,0.008799193919471206,0.6231700795785355,0.6231700795785355,0.6263189495210667,0.6263189495210667
1407799439.778876,0.026409173562348176,0.007290956847400546,0.13699570704021696,0.13699570704021696,0.7313298954553499,0.7313298954553499
1407799439.780249,0.026196765765458707,0.007442382913306693,0.834661720073457,0.834661720073457,0.5925113473923017,0.5925113473923017
1407799439.785907,0.023233178714024305,0.007096274151974554,1.4116813395929377,1.4116813395929377,1.2724593628977652,1.2724593628977652
1407799439.787174,0.02501408918728787,0.008366548997792322,0.16371109294141448,0.16371109294141448,1.3642250857756495,1.3642250857756495
1407799439.793785,0.027584488867146373,0.006855696458981714,1.29174833426347,1.29174833426347,0.8807774875726024,0.8807774875726024
1407799439.795477,0.027298513994078455,0.006952318585488457,0.5791432858576033,0.5791432858576033,0.635994677632165,0.635994677632165
1407799439.801568,0.02550997749301409,0.007536023374998147,1.4027297331323156,1.4027297331323156,1.4019792576791323,1.4019792576791323
1407799439.802372,0.028714279521147912,0.008239626907851644,1.174605016133733,1.174605016133733,1.260946970685983,1.260946970685983
1407799439.811746,0.02598490223541905,0.007259294443396185,0.5322287677659854,0.5322287677659854,1.015382162272996,1.015382162272996
1407799439.812817,0.029020509804502215,0.005305507580334951,0.8163413780535153,0.8163413780535153,1.3359028831055446,1.3359028831055446
1407799439.8178,0.02855585955655693,0.005016371695401017,0.5259093737472208,0.5259093737472208,0.8472459223674091,0.8472459223674091
1407799439.81904,0.025307968908796497,0.005990251222484651,1.404853943973622,1.404853943973622,1.353847399596853,1.353847399596853
1407799439.825633,0.02800764491151586,0.008495035403648786,0.5051773123241028,0.5051773123241028,1.361158724018059,1.361158724018059
1407799439.826614,0.027587402088233848,0.006969673308066781,0.5225110875973343,0.5225110875973343,0.1765701633385083,0.1765701633385083
1407799439.833584,0.024563864316782258,0.0074696967693920575,1.4053408531936953,1.4053408531936953,0.2757921994896215,0.2757921994896215
1407799439.834557,0.02643652120912421,0.00614121700958479,0.19308799122989673,0.19308799122989673,1.3123725862641464,1.3123725862641464
1407799439.842054,0.027578941245611333,0.006248783863316522,1.1150210037603645,1.1150210037603645,0.6159589777193248,0.6159589777193248
1407799439.843481,0.02597616257215707,0.006924014588592894,1.020660822379059,1.020660822379059,1.4028070693105372,1.4028070693105372
1407799439.849845,0.02532017943442577,0.005591324834483961,1.0240599734109925,1.0240599734109925,1.219264659112129,1.219264659112129
1407799439.851089,0.02664421550751994,0.006577900879954412,1.228449413406533,1.228449413406533,0.3781063917762958,0.3781063917762958
1407799439.857703,0.026430415946309793,0.006356776927185562,0.514870054119719,0.514870054119719,0.4292380208886827,0.4292380208886827
1407799439.858595,0.026208697470448072,0.007460152605847914,1.2321000577674937,1.2321000577674937,1.3886179299050092,1.3886179299050092
1407799439.8657,0.026894508552974816,0.007273912956202631,1.3413863491689293,1.3413863491689293,0.5051775684132835,0.5051775684132835
1407799439.866545,0.027819531504099437,0.007983349352862365,1.2806720565375658,1.2806720565375658,1.3681405213348101,1.3681405213348101
1407799439.873873,0.025745577771246975,0.007762861922149418,1.2663624183748996,1.2663624183748996,0.3018545496908351,0.3018545496908351
1407799439.874694,0.028951261779943227,0.0063663601332495075,1.0891802303923164,1.0891802303923164,1.4029923152476387,1.4029923152476387
1407799439.881685,0.0289204432707999,0.00820446591904199,0.6968362677200506,0.6968362677200506,0.9699694714557024,0.9699694714557024
1407799439.882614,0.028032358157844772,0.006862899978104988,1.413596918399223,1.413596918399223,0.3628030215534144,0.3628030215534144
1407799439.889565,0.026230762941898522,0.005694986873181589,1.3379209823438505,1.3379209823438505,1.1955408418151838,1.1955408418151838
1407799439.890341,0.02737262533710627,0.006700856822490972,0.21594246488481425,0.21594246488481425,0.54445499421752,0.54445499421752
1407799439.897708,0.028440390455497955,0.008865370310246265,1.2108278303342435,1.2108278303342435,1.3443434617163943,1.3443434617163943
1407799439.898544,0.027143003659902742,0.006253179376752786,0.9004143407362544,0.9004143407362544,0.8942139648002724,0.8942139648002724
1407799439.906109,0.02756033326209728,0.0076649938342955555,0.28522828370231634,0.28522828370231634,0.06601744980340306,0.06601744980340306
1407799439.907355,0.026847452661653115,0.007053763929772563,1.1494285902822932,1.1494285902822932,0.10918288068829134,0.10918288068829134
1407799439.913625,0.025532321785104894,0.0053961416087795954,1.32662305506201,1.32662305506201,1.3654511917359227,1.3654511917359227
1407799439.914499,0.02873592738753583,0.006913130779717332,1.290935302297232,1.290935302297232,0.6113368013695244,0.6113368013695244
1407799439.921589,0.026879942447537886,0.00674830304711965,0.12902542576976403,0.12902542576976403,0.5823647323467848,0.5823647323467848
1407799439.92238,0.028489245932445506,0.006779813138983824,0.5519181460802811,0.5519181460802811,0.4750176264687843,0.4750176264687843
1407799439.932715,0.025936883220391227,0.008087217618541358,1.1056937367769721,1.1056937367769721,1.4139128975126718,1.4139128975126718
1407799439.933494,0.027079582077518705,0.007815346089839451,0.0852463647662072,0.0852463647662072,0.451914250436224,0.451914250436224
1407799439.938303,0.027327811738236285,0.006809941673704373,0.9020452692587335,0.9020452692587335,1.3850496714351272,1.3850496714351272
1407799439.93999,0.027781494096679626,0.007397856835187094,1.3254476800182382,1.3254476800182382,0.1377460922105176,0.1377460922105176
1407799439.947681,0.029583368133265342,0.008234344533076478,1.3884149757885813,1.3884149757885813,1.2894599915078613,1.2894599915078613
1407799439.950264,0.028014321190040548,0.007116846791971282,0.556619770416385,0.556619770416385,0.9821699683695739,0.9821699683695739
1407799439.955757,0.02730725365734088,0.0070644743393822275,1.0454410197980049,1.0454410197980049,0.7550838051475519,0.7550838051475519
1407799439.970757,0.028014321190040548,0.007116846791971282,0.7071067811916228,0.7071067811916228,0.707106781171664,0.707106781171664
1407799439.977689,0.026233954983625907,0.005385536734345822,1.29959057781251,1.29959057781251,1.4137135164929326,1.4137135164929326
1407799439.979893,0.026420839821128084,0.007252814842838301,0.5869071623143453,0.5869071623143453,0.7855777069417128,0.7855777069417128
1407799439.985904,0.024575809396202075,0.007045771250920391,1.40821481791658,1.40821481791658,0.5796107254143166,0.5796107254143166
1407799439.988144,0.025488735109052474,0.008449413147719334,0.008487288379098895,0.008487288379098895,1.4009530301773792,1.4009530301773792
1407799439.988767,0.02412571187926371,0.007809054124379503,1.0658312754673083,1.0658312754673083,0.07141341193247501,0.07141341193247501
1407799439.996891,0.026864805326390684,0.0074642236552731,1.226684821555983,1.226684821555983,1.0861138626714597,1.0861138626714597
1407799439.997776,0.026420839821128084,0.007252814842838301,0.5140660266351422,0.5140660266351422,1.1161686643008697,1.1161686643008697
1407799439.998457,0.029153256989730814,0.008309976347010027,1.3979135608151525,1.3979135608151525,1.3887362713316775,1.3887362713316775
1407799440.009586,0.027115390566917252,0.007361623081996855,0.38615370437512814,0.38615370437512814,0.5894188083581313,0.5894188083581313
1407799440.011868,0.02570475380452608,0.0073032138026467444,1.1441993507293355,1.1441993507293355,0.7694519974133677,0.7694519974133677
1407799440.01337,0.025979075793244544,0.007030029937734748,0.4705105537165098,0.4705105537165098,1.3948324090389472,1.3948324090389472
1407799440.025024,0.028470916769571364,0.007796922360621543,1.4084745679421777,1.4084745679421777,1.3240164001261323,1.3240164001261323
1407799440.028207,0.0530836342573644,0.010157124299159898,1.40931448450215,1.40931448450215,1.3745157648883883,1.3745157648883883
1407799440.030158,-0.7360212081693907,0.12719227305488137,1.4136814498313468,1.4136814498313468,1.4140022133625418,1.4140022133625418
1407799440.034238,-1.8544995258062613,0.07201949516867547,1.2888468958738772,1.2888468958738772,0.04664460282067059,0.04664460282067059
1407799440.036066,-1.0982992699793492,0.1806207301580538,0.28179903791790595,0.28179903791790595,1.2181353343067947,1.2181353343067947
1407799440.03777,-0.28418359642269486,0.39790814973340427,1.2395206565672299,1.2395206565672299,1.3363509885009162,1.3363509885009162
1407799440.04173,1.605826104613468,0.11206985474218605,1.3519640181635881,1.3519640181635881,0.969505489798963,0.969505489798963
1407799440.043568,2.0533005384094296,0.5575836324422951,0.9163724511307965,0.9163724511307965,1.0946015389037196,1.0946015389037196
1407799440.045147,1.987007274041153,0.4024827915669769,0.5323130310619342,0.5323130310619342,0.24426059489921126,0.24426059489921126
1407799440.051865,1.4974456467700592,0.25311697270115363,1.4057596351466066,1.4057596351466066,1.216983025278911,1.216983025278911
1407799440.052589,-0.3535278687532424,0.06347281161874953,1.3861337854286966,1.3861337854286966,1.2702644862762276,1.2702644862762276
1407799440.053149,-0.8069888878818237,0.048428694337733676,0.9222674449802677,0.9222674449802677,0.7863221001223939,0.7863221001223939
1407799440.058751,-0.4749775371781584,0.06655624746161933,0.36620339296078847,0.36620339296078847,0.8927946018860258,0.8927946018860258
1407799440.063815,-0.24637688346736297,0.07822509311537516,1.1429757718731246,1.1429757718731246,1.127457700837911,1.127457700837911
1407799440.066102,-0.7722461443590167,0.11326478677255504,1.27443726094028,1.27443726094028,1.3728771713110688,1.3728771713110688
1407799440.073703,-0.7039345404011694,0.18398774260855955,0.5557460647038535,0.5557460647038535,1.337347820845795,1.337347820845795
1407799440.07453,-1.3911310957653849,0.33680400382804143,1.408446009770325,1.408446009770325,1.344775858632797,1.344775858632797
1407799440.083327,-1.1332019239251416,0.42080304943329166,0.2014994911233926,0.2014994911233926,1.0908637044186695,1.0908637044186695
1407799440.084187,-0.563720737670574,0.16179447926348964,1.347003585374184,1.347003585374184,1.3408807832752627,1.3408807832752627
1407799440.08485,0.17480728098766463,0.1297043276598725,1.2739652261494747,1.2739652261494747,0.8266438647139807,0.8266438647139807
1407799440.090528,0.2906864943976313,0.20766851825641225,0.8546661985311184,0.8546661985311184,1.2902181549924276,1.2902181549924276
1407799440.093589,0.7104231676940502,0.10442281457397411,1.3840003787351902,1.3840003787351902,0.9750000497607795,0.9750000497607795
1407799440.096247,0.3815153442329544,0.07862488355991618,0.4401260955448048,0.4401260955448048,0.9257278906599613,0.9257278906599613
1407799440.105688,0.39330742405504804,0.103561921009515,0.6680518331112252,0.6680518331112252,0.6708216117269898,0.6708216117269898
1407799440.106475,0.6077448633439335,0.09947597086263485,1.412696976292005,1.412696976292005,0.5117322285762637,0.5117322285762637
1407799440.11647,0.8765217438660828,0.12198980010622595,1.267984410644164,1.267984410644164,1.3935474473291023,1.3935474473291023
1407799440.129455,0.5637947947582154,0.12162723545136701,0.860097757668264,0.860097757668264,0.6898189876446092,0.6898189876446092
1407799440.130406,0.5196030757433276,0.14821668151079104,0.8416183520176027,0.8416183520176027,1.4141136096243754,1.4141136096243754
1407799440.137717,0.16167289295211296,0.08540039042353544,1.4070962964904532,1.4070962964904532,1.2823582013991754,1.2823582013991754
1407799440.138769,-0.07059448754270292,0.06345799262964633,1.1293213953971892,1.1293213953971892,0.990208671661523,0.990208671661523
1407799440.139565,-0.20040721374726944,0.035871304381822774,1.094714170018451,1.094714170018451,1.2685257912704881,1.2685257912704881
1407799440.145732,-0.3365329467742417,0.03995152106547608,1.2343201922890992,1.2343201922890992,0.5326305617240904,0.5326305617240904
1407799440.148083,-0.5509864056990357,0.11127675783763415,1.305143642498845,1.305143642498845,1.4125760824127795,1.4125760824127795
1407799440.150359,-0.648500996040474,0.13412326656665816,1.0474673657575724,1.0474673657575724,0.9725362045738637,0.9725362045738637
1407799440.154032,-0.7521165129162659,0.14346492846224776,1.2369386911195,1.2369386911195,1.0238505865628944,1.0238505865628944
1407799440.154827,-0.658912718843776,0.13254316672654967,0.5924076440689579,0.5924076440689579,0.8646720606289383,0.8646720606289383
1407799440.155743,-0.29509881362964574,0.10317045456125278,1.3876317492702064,1.3876317492702064,1.364794464248811,1.364794464248811
1407799440.161804,-0.00034981096397146416,0.04142500008796461,1.1797704253893264,1.1797704253893264,1.3418500245693477,1.3418500245693477
1407799440.162669,0.22849633947773063,0.06299728680884267,1.1702743759087157,1.1702743759087157,0.24233236988629506,0.24233236988629506
1407799440.163352,0.4665744345088334,0.0740855718933468,1.2327363699420626,1.2327363699420626,1.0753856192693076,1.0753856192693076
1407799440.169731,0.6581724429625,0.10690770563796853,1.1782869621178196,1.1782869621178196,1.3718946707485673,1.3718946707485673
1407799440.170607,0.6636555653510308,0.13631481643094134,0.7368124719184064,0.7368124719184064,1.2017379369788077,1.2017379369788077
1407799440.171614,0.6747578715367286,0.1619491654786218,1.3377086698403253,1.3377086698403253,1.1958258800616286,1.1958258800616286
1407799440.17795,0.5755686931620678,0.13108135012924638,1.4068166506841213,1.4068166506841213,0.8921838798707541,0.8921838798707541
1407799440.178931,0.39356849346552636,0.08136988602225587,1.3259447129247892,1.3259447129247892,1.308343647794131,1.308343647794131
1407799440.185753,0.1266827832429036,0.05939358323785416,1.294254834095737,1.294254834095737,1.041141060776262,1.041141060776262
1407799440.1868,-0.09698989394065505,0.018901303483641163,1.1872480243273444,1.1872480243273444,1.3264687367851218,1.3264687367851218
1407799440.193624,-0.3417890787894722,0.08652473935379956,1.2427343433239044,1.2427343433239044,1.1367106792352617,1.1367106792352617
1407799440.194566,-0.5104464860883975,0.11690351123899607,1.143119012271403,1.143119012271403,1.0447415841278875,1.0447415841278875
1407799440.201636,-0.6306680455547395,0.1172480674304076,1.1509145998210637,1.1509145998210637,0.7190346613217702,0.7190346613217702
1407799440.202509,-0.6005697844453075,0.12198275661467814,0.3917157392951782,0.3917157392951782,1.4116059825491247,1.4116059825491247
1407799440.209821,-0.423447219260753,0.10283447184838057,1.4013811696958647,1.4013811696958647,1.37379673492591,1.37379673492591
1407799440.211334,-0.2263995994377419,0.0645513119497134,1.245895937332384,1.245895937332384,1.3362660878738353,1.3362660878738353
1407799440.217617,-0.078205310657808,0.028013760634957252,1.163100730515436,1.163100730515436,1.2151099842221198,1.2151099842221198
1407799440.218311,0.08899988967807859,0.038854303973807,1.2485964768603566,1.2485964768603566,0.3232075711243511,0.3232075711243511
1407799440.225552,0.29273703411454655,0.05702078005271022,1.2629109847283808,1.2629109847283808,1.3139559207800187,1.3139559207800187
1407799440.226071,0.43429257852299497,0.09474494202778327,1.1450535829823136,1.1450535829823136,1.3405182683521704,1.3405182683521704
1407799440.233558,0.5530724127914883,0.12757784254720103,1.1875149770293423,1.1875149770293423,1.1954865263513954,1.1954865263513954
1407799440.234305,0.5770197856002115,0.11873210991927997,0.890237018298377,0.890237018298377,0.36386427905992297,0.36386427905992297
1407799440.241921,0.49239833156154056,0.08279631377912279,1.3598865651838976,1.3598865651838976,1.3894054149660608,1.3894054149660608
1407799440.242766,0.2958085820396428,0.0636190639014248,1.3520306907859152,1.3520306907859152,1.0840279426277084,1.0840279426277084
1407799440.249681,0.1379551665929375,0.03539204727497556,1.1777860721351863,1.1777860721351863,1.2948406171063498,1.2948406171063498
1407799440.250369,-0.01124622540167497,0.017299864572105573,1.2130809588128935,1.2130809588128935,1.1264657125811748,1.1264657125811748
1407799440.257601,-0.1636358786397829,0.04520548663367554,1.2290377648524569,1.2290377648524569,1.087788910850139,1.087788910850139
1407799440.258247,-0.3182826276830468,0.05773512462249556,1.2277349413866054,1.2277349413866054,1.0446246274166435,1.0446246274166435
1407799440.265886,-0.3988542026385091,0.07966423374135118,1.078497188543546,1.078497188543546,1.3198375810780425,1.3198375810780425
1407799440.266622,-0.4162277346504455,0.08832823222365478,0.9008481813896041,0.9008481813896041,1.0163657837040534,1.0163657837040534
1407799440.273687,-0.37358670142927686,0.06815163912328549,1.292957960307412,1.292957960307412,1.278143562720072,1.278143562720072
1407799440.274692,-0.2765297064554617,0.039288614733232176,1.3500486107600114,1.3500486107600114,1.2903283880603287,1.2903283880603287
1407799440.281782,-0.14398049297296556,0.037513814032464926,1.282753004328754,1.282753004328754,0.7693557767755723,0.7693557767755723
1407799440.28269,0.015747153200543096,0.02520960265613583,1.26089150742489,1.26089150742489,1.4047106856986165,1.4047106856986165
1407799440.28955,0.168851377718644,0.035868018380081225,1.2160104015534279,1.2160104015534279,0.5508375819816612,0.5508375819816612
1407799440.290207,0.31800105770831344,0.0675889953793565,1.2193687595812783,1.2193687595812783,1.3722678621400792,1.3722678621400792
1407799440.297579,0.42780416597866777,0.08325985209747813,1.158265277892077,1.158265277892077,1.0662919331250489,1.0662919331250489
1407799440.298095,0.46283323385565867,0.09360263585345195,0.9717245371793498,0.9717245371793498,1.133232311246984,1.133232311246984
1407799440.305867,0.39538623214615987,0.08129291746063744,1.208638129932869,1.208638129932869,0.8813904591340886,0.8813904591340886
1407799440.306927,0.2922191556097187,0.05285847609176087,1.3007484549446973,1.3007484549446973,1.3514814609988244,1.3514814609988244
1407799440.313651,0.18291865616465008,0.028304526615326692,1.23635830284751,1.23635830284751,1.1937811023124694,1.1937811023124694
1407799440.314354,0.06451153166401369,0.0066298402969594186,1.2407410929926503,1.2407410929926503,1.198543253688889,1.198543253688889
1407799440.32155,-0.07372687107439724,0.02370953144996976,1.2550423416222265,1.2550423416222265,0.4462744104463492,0.4462744104463492
1407799440.322181,-0.21280307133060994,0.04466768330974114,1.2259763688591685,1.2259763688591685,1.2641825618197005,1.2641825618197005
1407799440.33006,-0.32297028974177655,0.0683622369741694,1.1747623398924605,1.1747623398924605,1.2489815872785877,1.2489815872785877
1407799440.332026,-0.3877696099306953,0.07041256290036052,1.1065572881942738,1.1065572881942738,0.7930377863983754,0.7930377863983754
1407799440.337781,-0.36894185905924637,0.04784701489022972,0.3324386692480691,0.3324386692480691,1.4094330033607028,1.4094330033607028
1407799440.338681,-0.2635149830073451,0.02679444215948989,1.400171049264334,1.400171049264334,1.2103413385927992,1.2103413385927992
1407799440.345629,-0.11373680311577505,0.011058748437342019,1.2892198595912536,1.2892198595912536,1.161704930436366,1.161704930436366
1407799440.346291,0.022800500272788682,0.011159878463117903,1.2054355248765378,1.2054355248765378,0.7002572478644256,0.7002572478644256
1407799440.353659,0.14811587166089124,0.03287804529063968,1.2068796485519966,1.2068796485519966,1.4142021168677015,1.4142021168677015
1407799440.355294,0.2560613266133971,0.045931148613836945,1.193242130054312,1.193242130054312,1.1115626301425487,1.1115626301425487
1407799440.361718,0.33310118577361214,0.05233162749439071,1.1511955397381994,1.1511955397381994,1.0645829762790335,1.0645829762790335
1407799440.362829,0.35960709214462083,0.058197618330048176,0.9870706250561263,0.9870706250561263,1.2065744870978752,1.2065744870978752
1407799440.369613,0.33988488195934696,0.05597696325704226,0.38361863067074237,0.38361863067074237,0.19638231638969747,0.19638231638969747
1407799440.370311,0.27260886608485135,0.040827874447873315,1.3807702620026001,1.3807702620026001,1.4044238317096984,1.4044238317096984
1407799440.377562,0.17515721571453158,0.02809823629935107,1.2923222397925287,1.2923222397925287,1.187825007805121,1.187825007805121
1407799440.378445,0.0558345236227753,0.014527070310834013,1.263792022240789,1.263792022240789,1.2375961479086772,1.2375961479086772
1407799440.385735,-0.0617744315670441,0.009599406469624858,1.2217813405048326,1.2217813405048326,0.9983055967591554,0.9983055967591554
1407799440.386503,-0.17010597710864772,0.027919252352263245,1.2076423618599537,1.2076423618599537,1.3656181336304947,1.3656181336304947
1407799440.393766,-0.24024149247505067,0.037268165951114235,1.1287855670715146,1.1287855670715146,1.0737299186610458,1.0737299186610458
1407799440.394976,-0.27532691519500263,0.04408543828977232,1.069160340065457,1.069160340065457,1.1560970580260856,1.1560970580260856
1407799440.401736,-0.24984122975258227,0.03772209983177002,0.35767353018563186,0.35767353018563186,0.6329244823084588,0.6329244823084588
1407799440.402834,-0.18690035375177638,0.024427285306823435,1.3576602895007102,1.3576602895007102,1.3411846212945693,1.3411846212945693
1407799440.409621,-0.10589992886816457,0.01216850712775146,1.2726311502827505,1.2726311502827505,1.2078621223570194,1.2078621223570194
1407799440.410549,-0.012856764242538343,0.010876585549217983,1.2519944794104894,1.2519944794104894,0.8102522199781458,0.8102522199781458
1407799440.417542,0.08085083194432707,0.021428979768226847,1.2261947714508754,1.2261947714508754,1.4052794118057705,1.4052794118057705
1407799440.418088,0.17850239028972759,0.0320892577173842,1.2330716804299193,1.2330716804299193,1.2268158580520088,1.2268158580520088
1407799440.425604,0.25792599458945054,0.04165054999685868,1.180636912501611,1.180636912501611,1.2019661750487496,1.2019661750487496
1407799440.426964,0.30780073484302983,0.05131304834142837,1.1217249621758523,1.1217249621758523,1.2268884784433536,1.2268884784433536
1407799440.433683,0.30849514914327436,0.04986819181669131,0.7217206919095055,0.7217206919095055,0.5305162082635699,0.5305162082635699
1407799440.434363,0.2556635017074571,0.0373727333049189,1.4141207342274695,1.4141207342274695,1.407919013760029,1.407919013760029
1407799440.441607,0.16015798471530385,0.028420331312853285,1.3240513977320663,1.3240513977320663,1.1520767467951656,1.1520767467951656
1407799440.442522,0.05586248553803852,0.015720944930579715,1.242304545955396,1.242304545955396,1.2889770620794239,1.2889770620794239
1407799440.44975,-0.03683793506069044,0.0014283698629773056,1.2000228857568944,1.2000228857568944,1.248117039032935,1.248117039032935
1407799440.452664,-0.11842591056831564,0.014531999382922682,1.197904043261374,1.197904043261374,0.6133150909420109,0.6133150909420109
1407799440.457796,-0.17976956006319034,0.023274326514158106,1.1630399167301402,1.1630399167301402,1.1357233582245028,1.1357233582245028
1407799440.45892,-0.21815845367692077,0.034741630492701216,1.120927599201281,1.120927599201281,1.2759308924691182,1.2759308924691182
1407799440.46557,-0.2184744748010674,0.04063602417061501,0.7157844065694339,0.7157844065694339,1.0753907089236447,1.0753907089236447
1407799440.466378,-0.17532228781119974,0.03556003932286352,1.4141849109616627,1.4141849109616627,0.5443273891287826,0.5443273891287826
1407799440.473669,-0.10153661242948475,0.02032933192080471,1.3167163514819593,1.3167163514819593,1.3728252155483893,1.3728252155483893
1407799440.474646,-0.004411317500346179,0.010453596410290932,1.2765338384891036,1.2765338384891036,1.1291401845029123,1.1291401845029123
1407799440.482041,0.09084006811656531,0.018641154057011278,1.2207488878209298,1.2207488878209298,0.5023115675792852,0.5023115675792852
1407799440.483199,0.16449152927638222,0.03627092080876627,1.1693535771387296,1.1693535771387296,1.3444096980668916,1.3444096980668916
1407799440.489738,0.21507205720213474,0.04302474068300187,1.1423821242753087,1.1423821242753087,1.0097091117598218,1.0097091117598218
1407799440.490806,0.24554254043978174,0.048886001415287164,1.1120995036825971,1.1120995036825971,1.1948634335534063,1.1948634335534063
1407799440.497639,0.2333729640225628,0.04756532837397788,0.16319940323166207,0.16319940323166207,0.42755649776804794,0.42755649776804794
1407799440.498924,0.19306506936887535,0.03850837687554904,1.3790758422853049,1.3790758422853049,1.4045182290433442,1.4045182290433442
1407799440.505635,0.12979901207670697,0.024435581922880555,1.3045972913509112,1.3045972913509112,1.3031025404687664,1.3031025404687664
1407799440.50649,0.05187765023045543,0.012880260345436507,1.264851864834112,1.264851864834112,1.1827416872542216,1.1827416872542216
1407799440.513754,-0.025525786234577463,0.008195873175213373,1.2233813139662324,1.2233813139662324,1.0219686598342665,1.0219686598342665
1407799440.514881,-0.08988581811470153,0.02017050078332392,1.1855111905914593,1.1855111905914593,1.3033390783668661,1.3033390783668661
1407799440.521746,-0.14051909192840606,0.026657948225901194,1.173229282773459,1.173229282773459,1.0875129980252007,1.0875129980252007
1407799440.522827,-0.1733393582781786,0.03163421362554911,1.1290639328767402,1.1290639328767402,1.1675517151634849,1.1675517151634849
1407799440.52964,-0.16598130827595403,0.032322554091535054,0.4291538691097772,0.4291538691097772,0.8390811254592264,0.8390811254592264
1407799440.530561,-0.13040958744166886,0.02761765383391833,1.395937064342318,1.395937064342318,1.4011819213781835,1.4011819213781835
1407799440.537672,-0.066203672747839,0.017226265256796016,1.323855444047609,1.323855444047609,1.3470374272229795,1.3470374272229795
1407799440.539611,0.007607668528372358,0.009834738408305364,1.2521468485528635,1.2521468485528635,1.150432525696085,1.150432525696085
1407799440.545748,0.08027534713196927,0.015029312786650718,1.2215449847559727,1.2215449847559727,0.3224090587149207,0.3224090587149207
1407799440.546959,0.1348794373135611,0.02472577379932083,1.1629047814589655,1.1629047814589655,1.328088181013691,1.328088181013691
1407799440.553742,0.17514514229328615,0.03358642182583789,1.1586405530420214,1.1586405530420214,1.2059496871162614,1.2059496871162614
1407799440.554798,0.2011144914495926,0.03839951860335548,1.1279033689196731,1.1279033689196731,1.0881236055824486,1.0881236055824486
1407799440.561647,0.20131288913522694,0.04027159256878523,0.7151635239550431,0.7151635239550431,1.012978514168231,1.012978514168231
1407799440.562594,0.17165763498628284,0.03564794034605398,1.414189666906415,1.414189666906415,1.2946174485344302,1.2946174485344302
1407799440.569641,0.11992677170006383,0.02728971105740607,1.3193994069360302,1.3193994069360302,1.32404986886555,1.32404986886555
1407799440.570528,0.04725799214365445,0.012862701059561813,1.2873937270971532,1.2873937270971532,1.3179884603498582,1.3179884603498582
1407799440.578153,-0.028187083452480444,0.0005220406519630665,1.2323250541702797,1.2323250541702797,1.1917187960693523,1.1917187960693523
1407799440.579912,-0.08298028379892264,0.013688261418056104,1.1551780192166112,1.1551780192166112,0.7745496840488579,0.7745496840488579
1407799440.585682,-0.12004971536185005,0.02296013156625426,1.1389340215405126,1.1389340215405126,1.1481395408841335,1.1481395408841335
1407799440.586684,-0.1352742721119089,0.02622315397875854,1.0248224663466026,1.0248224663466026,0.9917601503306472,0.9917601503306472
1407799440.593528,-0.12316686195829796,0.024518587140023355,0.4563567266353188,0.4563567266353188,0.036548783956918234,0.036548783956918234
1407799440.594209,-0.08889598471576354,0.02186552769577191,1.3686999994233162,1.3686999994233162,1.303354091457582,1.303354091457582
1407799440.601612,-0.0424493586904493,0.014849893830220149,1.281476081173276,1.281476081173276,1.363445072731911,1.363445072731911
1407799440.602193,0.012800450609953717,0.012496346033179052,1.2585134697822076,1.2585134697822076,0.9818848563463756,0.9818848563463756
1407799440.609643,0.07901579719322038,0.021230937188889895,1.259890208993901,1.259890208993901,1.3654309810011092,1.3654309810011092
1407799440.610953,0.13159726776982872,0.030583886533852852,1.175314462220942,1.175314462220942,1.2384604250628157,1.2384604250628157
1407799440.61762,0.15020523843663858,0.03341925113153796,0.9929185061015723,0.9929185061015723,0.9616506875880383,0.9616506875880383
1407799440.618511,0.13843509179113633,0.0362791436059015,0.21393405386439865,0.21393405386439865,1.2264992909265997,1.2264992909265997
1407799440.625644,0.12188344791778993,0.02929843210255935,1.2875663459667,1.2875663459667,1.291482870937002,1.291482870937002
1407799440.626558,0.09749474940672975,0.01761278053344082,1.2950092482357392,1.2950092482357392,1.3138072084572294,1.3138072084572294
1407799440.634154,0.09778134312721498,0.008702656849326754,0.6945328156208133,0.6945328156208133,1.16620397526639,1.16620397526639
1407799440.635753,0.0885921406482284,0.010628166133566937,1.4136815394132782,1.4136815394132782,0.4405343134040029,0.4405343134040029
1407799440.641878,0.04405507377612272,0.013687504322465713,1.3960193012244513,1.3960193012244513,1.3063866747570414,1.3063866747570414
1407799440.64365,-0.011026786574433789,0.014560043881888338,1.2655972912046376,1.2655972912046376,0.9499174925673157,0.9499174925673157
1407799440.649907,-0.07535041266177478,0.01753278961544601,1.2550900676741752,1.2550900676741752,1.380701248062284,1.380701248062284
1407799440.650829,-0.10034693156982266,0.01459767873745055,1.0127850340157296,1.0127850340157296,0.693551105056381,0.693551105056381
1407799440.657572,-0.09280408465658452,0.01348478665208368,0.3155687799081471,0.3155687799081471,1.007500625609802,1.007500625609802
1407799440.658356,-0.07168484358954164,0.007453006074213881,1.3678914233011226,1.3678914233011226,1.399319537359953,1.399319537359953
1407799440.666067,-0.03225658272640963,0.006875526948117988,1.328106986092897,1.328106986092897,0.8015096822164862,0.8015096822164862
1407799440.667548,0.0022911003935344176,0.006045085523458477,1.19694259586418,1.19694259586418,1.291166955000527,1.291166955000527
1407799440.673721,0.037642218726298804,0.004942587314472474,1.2294103137195007,1.2294103137195007,1.2779923312250179,1.2779923312250179
1407799440.674922,0.07452686606086179,0.013461917959394448,1.23331913981707,1.23331913981707,1.4041686039442998,1.4041686039442998
1407799440.681556,0.11256989364054792,0.02290582340264552,1.231007344802257,1.231007344802257,1.2452078911067075,1.2452078911067075
1407799440.682363,0.12715763192235263,0.026549251286930555,1.0099118597594077,1.0099118597594077,1.0112217508164476,1.0112217508164476
1407799440.689616,0.11507076647520709,0.023332415280196642,0.5016515487298211,0.5016515487298211,0.571889245676507,0.571889245676507
1407799440.690355,0.09848637784530467,0.01873108589782304,1.2835316738521028,1.2835316738521028,1.2903137824725055,1.2903137824725055
1407799440.697712,0.06504219240196196,0.008948436039181542,1.337248870166415,1.337248870166415,1.3430645393651033,1.3430645393651033
1407799440.698539,0.04657710558573358,0.006058393785340102,1.0918898455431088,1.0918898455431088,0.9566436547758448,0.9566436547758448
1407799440.705719,0.005633837956429577,0.00323511512583643,1.3474370968601284,1.3474370968601284,1.2199464800443294,1.2199464800443294
1407799440.706811,-0.023486235160592006,0.005846234512937421,1.150405894830592,1.150405894830592,0.6228679188760248,0.6228679188760248
1407799440.713614,-0.05248676149058085,0.007380329818514259,1.2239042928346575,1.2239042928346575,1.106294300407824,1.106294300407824
1407799440.714529,-0.06203652965570283,0.00872558240328907,0.9781055493459414,0.9781055493459414,1.1971119026760078,1.1971119026760078
1407799440.721684,-0.05110680610000751,0.007964469238813094,0.8443154247688013,0.8443154247688013,0.10710513316506479,0.10710513316506479
1407799440.722513,-0.024149710087688625,0.009465717229970128,1.3575435242741816,1.3575435242741816,1.2190003655105013,1.2190003655105013
1407799440.729969,0.00020756309061997769,0.011365875134065066,1.2035463405704865,1.2035463405704865,1.2697160853332607,1.2697160853332607
1407799440.731382,0.018677083892921775,0.01055243276493987,1.1649557131294133,1.1649557131294133,0.11702259219033648,0.11702259219033648
1407799440.737689,0.041997971693935376,0.007526411734379921,1.2692898962701216,1.2692898962701216,1.385342832442526,1.385342832442526
1407799440.738716,0.06436470143405959,0.008478490980421543,1.2161304536238255,1.2161304536238255,0.2960019007218854,0.2960019007218854
1407799440.745647,0.09080453087115847,0.011656919544550332,1.2573561573248269,1.2573561573248269,1.3795368361888016,1.3795368361888016
1407799440.746692,0.11126460723428178,0.01740638322572049,1.1695286564015228,1.1695286564015228,1.3241340846709022,1.3241340846709022
1407799440.753644,0.11275816210570921,0.02096846867419828,0.7803567407972034,0.7803567407972034,1.1186021108858715,1.1186021108858715
1407799440.755234,0.08809479868026271,0.01831654294570214,1.4121498990487082,1.4121498990487082,0.38422765083310023,0.38422765083310023
1407799440.761845,0.061154777203823674,0.015919941116351005,1.242353166392545,1.242353166392545,1.2035851857553073,1.2035851857553073
1407799440.763237,0.02303166656494815,0.012066604130308432,1.288585603056723,1.288585603056723,1.308108382974467,1.308108382974467
1407799440.769694,-0.0003711726307233931,0.006797178155299141,1.1164690596971811,1.1164690596971811,1.282973654326996,1.282973654326996
1407799440.770267,-0.016231712770679252,0.004869127286452322,1.1393368146377214,1.1393368146377214,0.9999240728766112,0.9999240728766112
1407799440.785882,-0.032143473751147233,0.005277915801723219,1.225402486842895,1.225402486842895,0.4462417433683987,0.4462417433683987
1407799440.787071,-0.040714664747696805,0.009735115535180193,1.0861887715246843,1.0861887715246843,1.4101528606405043,1.4101528606405043
1407799440.788112,-0.04206825063672781,0.010633380853045849,0.8555054693247759,0.8555054693247759,0.8901756372529219,0.8901756372529219
1407799440.793954,-0.025661299028029383,0.00770111239987349,1.4103029263808866,1.4103029263808866,1.3495379156559908,1.3495379156559908
1407799440.795052,-0.0008681016384413098,0.005060167936583461,1.2989047207585804,1.2989047207585804,1.2028571905338323,1.2028571905338323
1407799440.795646,0.02916326244730838,0.011030626610822688,1.261832257904657,1.261832257904657,1.2690178592593093,1.2690178592593093
1407799440.801604,0.055791367926216306,0.01677561220698481,1.199502335212139,1.199502335212139,1.2168126913758,1.2168126913758
1407799440.802243,0.07905576084805199,0.01927917209675363,1.1963151610443428,1.1963151610443428,1.0379371066761627,1.0379371066761627
1407799440.809588,0.09414853353658792,0.01688548586537176,1.1292614801413148,1.1292614801413148,0.6590158509847456,0.6590158509847456
1407799440.81023,0.09347964578640289,0.015076774311775435,0.6585276940005412,0.6585276940005412,1.1641630661142752,1.1641630661142752
1407799440.818115,0.08383216762270251,0.014877206447392526,1.4118382039690365,1.4118382039690365,0.814684324091246,0.814684324091246
1407799440.820441,0.06287343046076366,0.011204010089889771,1.3453381815196794,1.3453381815196794,1.4127321512514435,1.4127321512514435
